id;street_address;postal_code;city;state_province
1;up;synergies Chicken beneath;Sioux City;um
2;aspernatur Jalyn Market;whose;Chesapeake;Frozen Soft Personal
3;Elegant graceful Recycled;Associate siemens;West Marcus;Jewelery thunderhead
4;neural Tyler;Bronze;Aliyastead;Borders parse
5;Small open;per Refined;Chattanooga;Bicycle lime
6;Apex fit communities;Computers;Waelchimouth;hence
7;Branding Account;weber Future;East Earl;infomediaries Investment channels
8;Bacon male aw;Savings Zirconium slippery;Lake Orion;Outdoors Beach Legacy
9;calculate;programming;Simonischester;Algerian knowledgeably
10;plum;functionalities Nissan;East Wadeborough;deposit invoice
